{
  "metadata": {
    "hand_link_id": 67,
    "n_states": 27,
    "arm_joint_indices": [
      59,
      60,
      61,
      63,
      64,
      66,
      67
    ],
    "movable_joint_indices": [
      1,
      2,
      4,
      6,
      7,
      8,
      11,
      12,
      14,
      16,
      17,
      18,
      21,
      22,
      23,
      24,
      25,
      26,
      28,
      29,
      31,
      32,
      34,
      35,
      36,
      37,
      39,
      40,
      41,
      42,
      44,
      45,
      46,
      47,
      49,
      50,
      51,
      52,
      54,
      55,
      56,
      57,
      59,
      60,
      61,
      63,
      64,
      66,
      67,
      69,
      70,
      71,
      72,
      74,
      75,
      76,
      77,
      79,
      80,
      81,
      82,
      84,
      85,
      86,
      87,
      89,
      90,
      91,
      92,
      94,
      95,
      96,
      98,
      99,
      100
    ]
  },
  "joint_config_by_state": {
    "2": [
      -1.6123957761975085,
      0.14577049037438017,
      0.4178406715991503,
      1.3517126728159812,
      -0.8957694238883801,
      -0.7930358621503001,
      0.0
    ],
    "11": [
      -1.6263570854523361,
      0.13378230175179756,
      0.4252057127598567,
      1.4717123745243428,
      -0.90737124394607,
      -0.7560537269501041,
      5.097186599158967e-06
    ],
    "20": [
      -1.5914711991443087,
      0.1394847753118094,
      0.426453306846444,
      1.7117122018275293,
      -0.9386284578740028,
      -0.6664225230211628,
      8.443733149804589e-06
    ],
    "1": [
      -1.4114709703107546,
      0.22666768401164986,
      0.4219899445528072,
      1.5791859517123281,
      -0.9326344477056707,
      -0.6488827873157749,
      9.558915399958709e-06
    ],
    "10": [
      -1.3499820407855057,
      0.2370078058315487,
      0.4252196873660422,
      1.7591853797479025,
      -0.951270317033361,
      -0.596131002958773,
      1.31249522321877e-05
    ],
    "19": [
      -1.2952354358768892,
      0.29104103117103186,
      0.3727553719645536,
      1.85004900711,
      -1.0471975512,
      -0.20531557330761177,
      1.5563271274896033e-05
    ],
    "0": [
      -1.1364336032268532,
      0.3417510492427309,
      0.37298581163773176,
      1.6766814253449307,
      -1.0294032679252323,
      -0.2028374072682994,
      1.7055109038906632e-05
    ],
    "9": [
      -1.0772330951808993,
      0.36254779149887983,
      0.36183971536907156,
      1.85004900711,
      -1.0471975512,
      -0.15154834500001252,
      2.022290693322533e-05
    ],
    "18": [
      -1.0868672832068413,
      0.423005627450055,
      0.29199661729948845,
      1.85004900711,
      -1.0471975512,
      0.3744034852458614,
      2.32036752372215e-05
    ],
    "3": [
      -1.21165315210686,
      0.2651274818907094,
      0.43678296693651086,
      1.4900490223694347,
      -0.9396007155037712,
      0.26799565859180735,
      2.4314188952893352e-05
    ],
    "12": [
      -1.1739979665881277,
      0.2678337219860837,
      0.4426682918732846,
      1.6100485052052622,
      -0.9592341315326787,
      0.2979024653095003,
      2.8659906595577715e-05
    ],
    "21": [
      -1.136769669190107,
      0.273835210710445,
      0.4460702564686483,
      1.8500479503041176,
      -1.0061368634858632,
      0.34824369857227594,
      3.1402456602837654e-05
    ],
    "4": [
      -1.4046479029827734,
      0.19618397752623362,
      0.4214574709194074,
      1.3700478558568325,
      -0.8496146856876902,
      0.14362685284176913,
      3.291640924383914e-05
    ],
    "13": [
      -1.3848380492040104,
      0.1891189924612718,
      0.43070940518328643,
      1.4900473905036549,
      -0.8681869916433737,
      0.17509652035208226,
      3.768591574715049e-05
    ],
    "22": [
      -1.3610541418471283,
      0.18649159416453515,
      0.4380733286129548,
      1.6700470798829672,
      -0.907391985114135,
      0.22794006926928062,
      4.088698044539098e-05
    ],
    "5": [
      -1.6161018527662665,
      0.12496948724522065,
      0.4150531942540965,
      1.1900469803529743,
      -0.73695609151351,
      -0.040167733571209036,
      4.2473534324133616e-05
    ],
    "14": [
      -1.6085017720407493,
      0.1104410932932853,
      0.42597897669880125,
      1.3100461662166965,
      -0.7561741966036029,
      -0.0019106698841173542,
      4.783765707105121e-05
    ],
    "23": [
      -1.5874332052776419,
      0.10523196598505707,
      0.43380410823343296,
      1.4900455975580338,
      -0.797145354477264,
      0.06679469437386006,
      5.208989420486519e-05
    ],
    "6": [
      -1.3474327325114321,
      0.1401303903269919,
      0.5639086751947616,
      1.3510713027981784,
      -0.7754746494629835,
      0.12119395687500938,
      5.413937801400831e-05
    ],
    "15": [
      -1.2394149353471355,
      0.16246894076250873,
      0.5819512872562355,
      1.531070540428637,
      -0.8188128216393925,
      0.1977867407644689,
      5.991973359046341e-05
    ],
    "24": [
      -1.196498858014115,
      0.16344243172680753,
      0.5962712967165481,
      1.7710699904918217,
      -0.8761549741736532,
      0.265546053475877,
      6.483580751420273e-05
    ],
    "7": [
      -1.4505641456463896,
      0.09575196564677912,
      0.5268386538515868,
      1.291069792905056,
      -0.7082536868697958,
      0.037448308793637974,
      6.72067971087301e-05
    ],
    "16": [
      -1.4301353993715136,
      0.07978994990716727,
      0.5434020881004711,
      1.4110683481201107,
      -0.7305665838406771,
      0.07606493058011897,
      7.160495895756925e-05
    ],
    "25": [
      -1.4010663684377451,
      0.06909656009131714,
      0.5605686133178062,
      1.5910677119343473,
      -0.7763642411374129,
      0.14109918350067516,
      7.643642992928652e-05
    ],
    "8": [
      -1.6576710028896604,
      0.013635567254227305,
      0.4997907279177108,
      1.1110673980385437,
      -0.5935894237749454,
      -0.15542106509518985,
      7.89591659262293e-05
    ],
    "17": [
      -1.6491503564233962,
      0.0,
      0.5176413826061128,
      1.2310628199478857,
      -0.6127137990066316,
      -0.11618421152991185,
      7.919141622232249e-05
    ],
    "26": [
      -1.6219974406874176,
      0.0,
      0.5434386936364652,
      1.411062251437068,
      -0.6561565018323972,
      -0.040031422388890264,
      8.495725885170981e-05
    ]
  }
}